optimized_target,unoptimized_rambling_prompt
Describe a technique used for solving exponential equations.,
Generate a list of items an AI assistant could help with.,
Generate an introduction for a presentation on the basics of Artificial Intelligence,
"Write a sentence using the words magnetism, gravitation, and stars.",
Create a list of the five basic needs of humans,
"Compose a short two-stanza poem featuring the words ""leaves"" and ""clouds"".",
Explain why content optimization is important in natural language processing,
Explain what is implied by the term environmental sustainability.,
"Generate an appropriate input to the following instruction: 
""Explain the concept of quantum entanglement.""",
"Provide the correct verb conjugation for the following sentences: 
I (write)",
Generate a metric to evaluate the customer satisfaction,
Create a dialogue between two people discussing the topic of climate change.,
"Generate at least two example sentences using the verb ""incite"".",
Outline the advantages of using a cloud computing platform,
Please provide an example of a hypothetical situation where the concept of Occam's razor would be applicable.,
Find the answer to the following equation: (3+3)*3,
Name some typical characteristics of the Victorian era.,
Recommend a movie title for a romantic comedy drama.,
Describe the painting “Nighthawks” by Edward Hopper.,
What is the meaning of the proverb 'Slow and steady wins the race'?,
"Summarize the book ""Pride and Prejudice"" in one sentence.",
"Edit the sentence: ""I likes reading""",
Generate a business strategy for a coffee shop,
State one example of the use of AI in agriculture,
"A jar contains two red marbles, three green marbles, ten white marbles and no other marbles. Two marbles are randomly drawn from this jar without replacement. What is the probability that these two marbles drawn will both be red? Express your answer as a common fraction.",
What is the oxidation state of Sulphur in Sodium Sulphate?,
What is another term for a weekly time period?,
Come up with a sentence to describe the consequences of deforestation.,
List five strategies to improve workplace safety.,
Analyze the effects of climate change on food production.,
Create a list of five qualifications and skills for an accountant.,
Create a comic strip illustrating the life of a software engineer.,
"Spell out the full abbreviation ""NATO"".",
Give me a sentence to describe the feeling of joy.,
Come up with two questions to ask an interviewer in a job interview.,
Create a new colour scheme,
Generate a radical new idea for a laptop design.,
Create a limerick poem with the topic of nature.,
Construct a proposal regarding a school initiative to recycle during lunchtime,
Give five examples of the word 'secure' used in different contexts.,
Describe the president of the United States in three adjectives.,
Generate five sentence of text describing the benefits of meditation.,
List three tools that are used in data analysis.,
Describe the concept of 360° feedback.,
Classify the following machine learning techniques: K-Nearest Neighbours and Linear Regression,
Suggest an AI research topic.,
Make a list of 5 verbs in the past tense.,
Multiply 3 by 6,
"Generate a list of keywords for a search engine optimization campaign targeting ""coffee machines"".",
Generate 5 jokes about chickens.,
Create 3 product recommendations for a customer who wishes to buy a laptop with advanced gaming capabilities.,
Convert 3 kilometers to meters.,
Provide the measurement of a tablespoon.,
Generate a list of 5 metrics that can be used to evaluate an AI assistant's performance.,
Synthesize a new speech on the importance of physical education,
What are the three features of a cloud-based Database-as-a-Service (DBaaS)?,
"Describe, in a few sentences, the impact that the COVID-19 pandemic has had on the lives of people worldwide",
Create a dialogue that illustrates a disagreement between two characters.,
Create a funny cartoon about a teacher.,
Generate a list of all the technologies needed to build an e-commerce website.,
Find an example of a painting that incorporates the use of geometric shapes.,
Summarize in a few sentences the main ideas of the article: “How AI can help tackle climate change”,
Describe a world leader that you admire.,
List five characteristics of an air mass.,
Suggest a potential improvement to the following android application: an app that helps people plan their day.,
Generate a sentence which describes the relationship between Elon Musk and SpaceX.,
Name 5 'symptoms' of a broken website,
Describe the structure and predominant features of a novel by Ernest Hemingway.,
How is the wave nature of matter explained in quantum mechanics?,
Create a passphrase that contains five words with at least 10 characters without repeating any character.,
Convince a friend to prioritize spending on health care.,
How would you differentiate between two types of computer processors?,
Provide an example of an allegory.,
Generate a creative story based on the topic 'an adventure in a seaside town'.,
Generate a few examples of digital content,
"Insert a missing word to make a complete sentence: ""The question is difficult to _____.""",
"Lark has forgotten her locker combination. It is a sequence of three numbers, each in the range from 1 to 30, inclusive. She knows that the first number is odd, the second number is even, and the third number is a multiple of 3. How many combinations could possibly be Lark's?",
"Create a news headline based on the following event, ""A student won a competition in quantum computing"".",
Describe a situation where the phrase “This too shall pass” applies.,
List at least three benefits of using AI in data analytics.,
Generate five persuasive arguments for going vegan.,
"Analyze the imagery used in the following sentence: ""The sun shone like a golden blanket over the landscape.""",
Name three organizations that are doing research related to artificial intelligence.,
Write a blog post about the most popular tourist attractions in Tokyo,
"Generate five new words using the prefix ""micro"".",
"Write a travel guide for Lapland, Finland.",
Generate an article about environmental protection.,
Describe the elements that make a good story.,
Make a list of five activities people can do to reduce their carbon footprint.,
Name two galaxies other than the Milky Way.,
Categorize this word: Flabbergasted,
You are the mayor of a major city and you need to create a budget plan. Please describe how you would do this.,
Generate a sentence defining the term natural selection,
"Define the term ""no-go zone"".",
Construct four queries for a search engine.,
Design a self-care plan for the coming week.,
Describe the current risks of using Twitter.,
"Identify the correct pronoun to insert into the following sentence.

Maria and ___ went to the mall.",
Organize a charity event to collect donations from the local community,
Explain the importance of the following term - Natural Language Processing,
Find and define a scientific term related to climate change.,
Generate a sentence explaining the concept of a decision tree algorithm.,
Design a web page with two columns and a footer.,
Explain the different levels of permissions in Linux.,
Generate a scenario where a customer and service provider might interact.,
Develop an algorithm for organizing a family reunion.,
Create an analogy for the campaign process of an election.,
Explain the complications of a broken bone.,
Describe how artificial intelligence is transforming the education sector.,
Is the following statement true or false? One day has 24 hours,
Create an original animal poem.,
Generate a list of potentially influential factors relating to crime in a city.,
How was the coronavirus pandemic handled by the United States?,
List some applications for a smartphone.,
Come up with an example of a metaphor.,
Replace the word “confident” with an antonym.,
What is the rise in energy over the past 25 years?,
"Find the word of opposite meaning to ""Futile""",
State the economic theory of supply and demand.,
Describe the customer service strategy that a business should take.,
You are helping a customer pick out a gift and they want something novel. Come up with a list of novel gift ideas.,
Choose an interesting topic in Biology for an assignment. Output the topic.,
Create a class in Java that implements a data structure.,
Come up with a list of questions you can use for interviewing social media experts,
Differentiate between speed and velocity.,
"Edit this sentence to correct the spelling mistake: ""Isnt that an intresting story.""",
"Rewrite the following sentence to make it more interesting: 
The dog barked loudly",
Outline the steps required to create an Internet of Things (IoT) compatible device.,
Explain why diversity is important at work.,
Describe a possible solution to the environmental issue of air pollution.,
Create a list of 10 steps for creating a successful YouTube channel.,
Generate a list of medical equipment items.,
What type of economic system exists in Canada?,
Generate an 80's inspired soundtrack.,
Construct a JSON object describing a student.,
"Explain the term ""impeachment""",
Name a planet from our solar system.,
Compare a decision tree to other types of machine learning algorithms,
Create an SQL query to select all rows from a table where the column 'age' is greater than 18.,
How can you protect a computer from malware?,
Name the three elements in a successful marketing presentation.,
"If you could invent a new superpower, what kind of superpower would it be?",
"Explain what a ""frictionless payment experience"" is.",
What is the difference between hard and soft skills?,
"The set S = {1, 2, 3, … , 49, 50} contains the first 50 positive integers. After the multiples of 2 and the multiples of 3 are removed, how many integers remain in the set S?",
"Solve this in Java:

Input:
Line 1: The number N of pairs of integers.
N following lines: Two integers a and b (separated by a blank space).

Output:
For each of the N pairs of integers a and b, display on a line >, < or = depending on whether a²+b² is respectively greater than, lower than, or equal to (a+b)².",
Tell me about an advantage of using AI in business.,
Convert 10kgs to ounces.,
Suggest a creative way to decorate a bedroom.,
List 5 clothing items you would take on a long camping trip.,
"Create a poem of 5 verses, each with 8 lines each, about a city skyline.",
How to stable sort in javascript?,
Generate a persona for a webcomic with a teenage protagonist.,
Create an advertising slogan for a pet food company.,
Generate a list of 8 jobs in the information technology sector,
"Change this sentence ""She is broke"" to fourth person past tense.",
Explain what is meant by the 'bias-variance trade-off'.,
Write an article comparing the benefits of living in a big city and small town.,
Write a short story about a person living during a pandemic.,
The perimeter of a rectangle is 48. What is the largest possible area of the rectangle?,
Write an article on the implications of autonomous robots on society.,
Explain why the Amazon rainforest is important,
Name the five stages of the product design process.,
List three unique features of a zebra,
Create a growth plan for a company that sells consumer electronics.,
Name a disaster movie. Output the title of the movie.,
Suggest a way to encourage people to save money,
Provide two examples of how artificial intelligence is used in our daily lives.,
Write an opinion piece about the benefits of marching band.,
Explain why machine learning is a powerful tool for data analysis.,
Name 5 features that are important in a gaming laptop.,
How would you amplify the sound of a guitar?,
Explain what is meant by the term 'supply and demand',
Create a game plan for a presentation about climate change.,
Create a visual representation comparing residential energy usage and commercial energy usage.,
Describe the social structure of humans.,
Describe the uses of artificial intelligence technology in medicine.,
Suggest a way to unclog a blocked drain.,
Describe the effects of smoking on the respiratory system.,
Name three reasons why someone should consider a degree in computer science.,
Name three sciences related to computing.,
Write a speech about loyalty.,
Which type of exercise is best for building muscle?,
Design an algorithm to detect malicious content in texts.,
What are the names of the three oceans?,
Compile a list of recommended websites for learning about computer science.,
Explain what is collaborative filtering.,
Research an example of a successful small business and write a one-sentence summary about it.,
Generate a set of keywords related to tuberculosis.,
Come up with a creative way to make art out of recycled materials.,
Suggest three tips for preparing for a job interview.,
Generate a slogan for a clothing brand.,
Summarize the benefits of using natural language processing for business.,
Write a paragraph of five sentences about the rise of Australian Cricket in the past decade,
Name three tools a software engineer could use to develop a mobile application.,
Brainstorm three possible uses of a time machine.,
Explain the concept of moral hazard.,
Generate a list of five household items that you could use to reduce your carbon footprint,
Generate an anti-bullying slogan.,
Create 5 sentence long paragraph about the importance of education,
Describe a person who is an enthusiastic supporter of the environment.,
Explain the operational steps for back-propagation in a neural network.,
Generate a list of ten things a new mom should do after giving birth.,
Make a prediction for the future.,
Create a new business model for a computer shop.,
Name the three essential elements of a contract.,
"If x is equal to 4 and y equal to 7, calculate x / y",
"Generate an example of an active voice sentence with the verb ""buy"":",
Write a few lines of lyrics for a song.,
Give me an example of artificial intelligence in healthcare.,
Generate an email subject line for an important company announcement.,
Tell me the Nobel Prize winner of 2019 in Physics,
For what reason would someone be denied entry to the United States?,
Outline the basic operations of a web browser.,
Generate questions that will help a customer determine their desired outcome.,
Write a paragraph about the potential applications for GPT models.,
List 3 sources of air pollution.,
List different types of figurative language.,
Name 5 common substances that can act as acids.,
Describe what a flavor wheel is.,
"Write multithreaded FizzBuzz, using mutexes when printing.",
Describe the different pieces of hardware on a computer.,
How does a professional chef cut a mango?,
"Four primes a, b, c and d form an increasing arithmetic sequence with a > 5 and common difference 6. What is the ones digit of a?",
Compare and contrast the characters of Sherlock Holmes and Watson,
Write a short story about a man who dreams of becoming a world-renowned chef.,
Identify the largest city in the United States.,
Create a list of five items contained in a first aid kit.,
Describe a human-machine interface in 5 words.,
Explain how AI can benefit the healthcare industry.,
Name five things that you can use to make a fire.,
Is it a good idea to share my passwords with family members?,
How long has the Assyrian Empire existed?,
Write a blog post advocating for teaching students coding skills in school.,
Outline the four steps of the problem solving process.,
Give examples of data types.,
Generate a list of mechanical engineering topics,
What are the main steps in the process of data cleaning?,
"Identify the subject, verb and object in the sentence: She runs every morning.",
"Formulate an optimal budget plan to spend $20,000 on marketing activities.",
Create a short story about a talking tree and include a lesson or moral.,
List the five major oceans in the world in order of size.,
Design a method for detecting plagiarism in a text.,
How many sides does an octagon have?,
Compare the features of a car and a bike.,
Explain why using a combination of primary and secondary research is important when conducting market research.,
"Given a string s and a list of words words, find all starting indices of substrings in s that is a concatenation of each word in words exactly once without any intervening characters.",
What is an example of a technology that uses artificial intelligence?,
Create a word analogy for the word ‘bad’,
Make a list of three things I should do to be healthier.,
Name two African countries,
Generate a random set of four numbers between 1 and 10.,
Compose a thesis based on the given topic: The Impact of Technology on Education.,
Explain the relevance of the Pythagorean Theorem in the real world.,
Generate a pun from the words 'giraffe' and 'elephant',
Write one paragraph explaining Newton's second law of motion.,
"In the sentence ""She enjoyed the ride through the countryside"", replace the word ""ride"" with a synonym.",
Write a code to print the first 6 digits of Pi.,
List 3 elements of a good security practice for a business.,
Invent a funny story involving three animals,
Name two elements that are a part of a debate.,
Compare the differences between HTML and JSON formats.,
How can GPT be used to solve complex tasks such as natural language understanding?,
"Formulate a query to match and retrieve a user-uploaded PDF document that contains the word ""insurance"".",
Generate a tweet about Microsoft Azure.,
Find out which animal has the biggest eyes in the world.,
In what way can digital wallets provide more convenience than paper wallets?,
Write a short story involving an alien life form.,
Generate a story about a paladin who was on a quest to find a magical artifact.,
Name three steps to build a computer.,
What are the components of a well-balanced meal?,
Name two animals that can fly.,
What is a Turing Machine?,
Suggest three ideas on how to reduce the cost of traveling.,
"Create a sentence using the idiom ""take two steps forward and one step back"".",
List all of Bill Gates's investments,
"Write a letter to the mayor, thanking him for his efforts during the coronavirus pandemic.",
"Generate an example of how to use the phrase “voice of reason""",
Create a positive slogan for a weight loss program.,
Construct a model of an atom,
Generate a number which is divisible by 15 and also a prime number.,
Create a recipe for banana ice cream.,
"Who wrote the song ""Yesterday""",
"Identify the following type of triangle: angle A = 60°, angle B = 60°, angle C = 60°",
How do economists measure economic growth?,
Generate two sentences of a conversation that takes place between two shop owners.,
Write 3 questions related to the water cycle.,
Explain the difference between a cell phone and a smartphone,
Explain the importance of wind-powered energy.,
Arrange the following words to make a meaningful sentence: selling do investors to advice trust.,
Explain why neural networks are particularly suitable for large-scale data processing.,
Describe the benefits that artificial intelligence brings to the healthcare industry.,
Give two strategies for teaching mathematics for a 5th grade student.,
Generate a creative description for a digital watch.,
Design a logo that best represent an e-commerce website.,
Choose a primary color to represent the brand personality of a clothing store.,
Create an argument in favor of homeschooling.,
Find a recipe for fruit pizza.,
Suggest some ways to optimize a given webpage.,
List 5 vegetables that start with the letter 'C'.,
What chemical reaction occurs when baking soda and vinegar are mixed?,
"Provide the coordinates of the landmark ""Eiffel Tower"".",
How can a company protect its data from cyberattacks?,
Create a list of 10 activities that people can do on a rainy day,
"What words come to mind when you hear the word ""hospitable""?",
Describe what a good leader should possess,
Create a metaphor to accurately describe the winter season.,
Explain the marketing concept.,
How can someone reduce their stress?,
What types of data can be collected by businesses to improve their operations?,
Write a sentence that displays the use of personification.,
"Compose a blog post on the topic of ""Why companies need to invest in employee training"".",
Generate a list of five benefits of a good website design.,
List five things you should consider before starting a business.,
How many positive integer values of x are solutions to the inequality 10 < -x + 13?,
Create a blog post on why the movie industry has changed over the last two decades,
Create a calendar appointment for Next Monday at 11:00AM,
Which language is more popular today - Java or JavaScript?,
Identify the similarities between apples and oranges.,
Design 4 characters for a sci-fi novel.,
"You are a smart assistant designed to help high school teachers come up with reading comprehension questions.
Given a piece of text, you must come up with a question and answer pair that can be used to test a student's reading comprehension abilities.
When coming up with this question/answer pair, you must respond in the following format:
```
{{
    ""question"": ""$YOUR_QUESTION_HERE"",
    ""answer"": ""$THE_ANSWER_HERE""
}}
```
Everything between the ``` must be valid json.
Please come up with a question/answer pair, in the specified JSON format, for the following text:
----------------
The scream of sirens and the clank of steel on cobblestones echoed down the mean, dark streets. Frightened East Berliners peeked from behind their curtains to see military convoys stretching for blocks. First came the motorcycle outriders, then jeeps, trucks and buses crammed with grim, steel-helmeted East German troops. Rattling in their wake were the tanks — squat Russian-built T-34s and T-54s. At each major intersection, a platoon peeled off and ground to a halt, guns at the ready. The rest headed on for the sector border, the 25-mile frontier that cuts through the heart of Berlin like a jagged piece of glass. As the troops arrived at scores of border points, cargo trucks were already unloading rolls of barbed wire, concrete posts, wooden horses, stone blocks, picks and shovels. When dawn came four hours later, a wall divided East Berlin from West for the first time in eight years.",
Write a short story involving three characters from three different cultures.,
Explain why English is a difficult language to learn.,
Choose a random number between one and ten.,
Design a circuit for controlling the brightness of a light bulb.,
Please suggest some strategies to break bad habits.,
Explain why computers are better than humans for playing chess.,
"If (x+2)(x-3)=14, find the product of the possible values of x.",
Identify which is bigger: a cup or a pint?,
Create a speech that encourages people to donate to disaster relief programs.,
Describe the concept of artificial intelligence in your own words.,
Generate new ideas for a blog post about environmental protection.,
Write a story about a person who has to overcome adversity to succeed.,
How can I remove the smell of paint from my house?,
Write a function in Java to output a progress bar in a for loop iterating over array 'arr'.,
Generate a headline by combining two cliche expressions.,
Describe the importance of using statistics in data analysis,
Generate five examples of proper breakfast food.,
Compare and contrast active listening and regular listening.,
"Choose one example to explain the concept of ""diversification""",
Please write a script that would accept two numbers as input and return the sum when executed,
Make a list of the most common reasons why people seek out a psychiatrist.,
Generate a funny headline related to coronavirus.,
"Find the words related to ""wind"".",
What is the purpose of a null hypothesis in a statistical test?,
Create a protection plan to safeguard a user's sensitive data,
Construct a rhetorical question to start a persuasive speech.,
Is the following statement true or false: The speed of light is constant?,
Generate a catchy headline for an article about the advantages of building with bamboo.,
Describe the main features of a Cloud-based Infrastructure.,
Name three famous people who were born on October 31st.,
Construct a logical argument for why humans should occasionally take a break from technology.,
Generate excellent captions for the following photo of a bee on a flower.,
Compile a list of five schools in the US that offer degree programs in data science.,
Paraphrase the following sentence without changing the meaning: He was foolish enough to cross the street without looking.,
What is the probability of flipping 2 coins and getting 2 heads?,
Write an outline for a story about alien abduction.,
Name a popular smartphone brand.,
"Evaluate the product 
    (a-10) * (a-9) *…* (a-1) * a,
 where a=2.",
Generate an example of an object-oriented design.,
Write an essay on success.,
Explain the concept of fractional co2 laser resurfacing.,
Explain how a Unix system can be protected from external threats.,
Create a Java program that simulates a dice roll.,
What activities would you do to help the environment?,
Give three examples of how technology is changing the healthcare system.,
"Humans are the fastest animals on the planet, only second to ____?",
Create a research topic related to increasing customer loyalty.,
Create five realistic example applications that could make use of artificial intelligence.,
Classify the following product as either a necessity or luxury item: cell phone.,
Explain the importance of cybersecurity for businesses.,
Create an itinerary for the perfect day in New York,
Formulate a marketing plan for a new mobile app.,
"In 100 words or less, describe the personality of a robot.",
Devise a writing prompt.,
Generate a timeline for a meal from scratch,
Describe the risk factors for heart attack.,
Identify the period in which Shakespeare’s plays were written.,
"Invent a term that would describe the concept of ""the future"".",
What type of visual aid is the best option for depicting a timeline?,
Transform the following sentence using the past perfect tense: Yesterday they opened the door.,
Give the name and a brief description of a type of user interface.,
Come up with a list of 10 sports teams in the United States.,
"Given the following sentence, explain the concept of microaggression.",
Create a list of steps to prepare a vegetable soup.,
Name an artificial intelligence application that can be used in healthcare.,
Write two sentences that explain why artificial intelligence is important.,
Name a food that is traditionally served during Thanksgiving in the US.,
Guide me on how to install Node.js on Linux Mint.,
Identify the direct object in the sentence: She was singing a song,
"Give a suitable alternative for the phrase ""a fly in the ointment"".",
Provide three tips on how to write a job advertisement that stands out.,
Answer the following question: What led to the fall of the Roman Empire?,
Compose a poem about spring featuring at least five similes.,
Name a winter sport that requires a helmet.,
Name two famous rivers in the United Kingdom,
Describe the measures you can take to reduce global warming.,
How can you grow an audience on YouTube,
Identify five causes of stress in the workplace.,
Describe the energy-flow cycle of an ecosystem.,
"What non-zero, real value of x satisfies (5x)^4= (10x)^3? Express your answer as a common fraction.",
Assume you are a historian analyzing an ancient scroll. Describe the steps you would take to understand the context and meaning of the text.,
"Categorize the following animals: elephant, bee, dolphin.",
Create a lunch menu for a family of 4.,
Recommend two strategies for efficient learning,
Come up with a title for a research paper about facial recognition technology.,
"Generate a shopping list for a 4-person dinner party, considering the ingredients and spices needed to prepare a simple Mexican dish, such as a Burrito.",
Generate a fake customer review of a software,
"Generate a sentence using the words ""happy"", ""cat"", and ""drove"".",
Describe a friend of yours using a simile.,
Describe the importance of self-defense in martial arts.,
Find a title for a book discussing environment protection.,
Generate a list of 10 restaurants in Montreal with a rating of 4.5 stars or higher on Google.,
Tell me a metaphor related to swimming.,
Name two types of data visualization techniques.,
How would you generate random numbers between 1 and 10 in Java?,
"Create a ""How To"" guide for using a toaster.",
"Classify the movie ""The Wolf of Wall Street"" as a comedy or drama.",
Design a survey to collect opinions about a new online service.,
Generate a story about a family who adopts a pet.,
Name five types of species that live in the desert,
Provide a brief description of the movie The Curious Case of Benjamin Button.,
Write a musical composition in the style of jazz.,
Describe in one sentence the political system of the US.,
Compose a list of 10 healthy snacks for a 1-year-old.,
Generate an appropriate title for a talk on Data Visualization,
In what ways has technology changed the way we live?,
Write an ode to winter,
Write a code to detect the type of browser that is used to access the page.,
"Generate an example of all four of the common data types, (string, integer, float and boolean)?",
Conduct a survey to find out what people think of the new iPhone.,
Name 5 Broadway musicals,
Give an example of a short-term goal.,
"Construct a sentence using the present tense of the verb ""eat"".",
Explain the consequences on a family when a father turns to crime.,
Give two examples of applications of GPT models.,
Write a news article on the topic of the current trend of automation.,
Write pseudocode to find all prime numbers up to a given number.,
"Describe the meaning of the phrase: ""To cut a long story short"".",
Explain the concept of positve reinforcement.,
Design a program for recognizing facial expressions.,
Create a five-step guide to making a delicious pasta dish,
"Pick a sport from the list of Olympic sports (archery, football, cycling, etc.).",
Create a user story for a web application that allows users to manage their contacts.,
Create a function that takes two numbers as inputs and outputs their sum.,
Write a story about a robot given human-like emotions.,
Generate a new sentence that uses metonymy,
Write a few sentences that show the consequences of not recycling.,
Recognize the homophones of the following word: car,
Create a list of three mistakes to avoid when designing an AI assistant.,
Name three government-funded initiatives that promote conservation of natural resources.,
Generate a list of good habits that can be practiced by a teenager.,
Suggest an effective way to debug a software program.,
Output a set of 5 instructions on how to fold a paper crane.,
Factor t^2-49.,
Explain why the Pacific Northwest is prone to earthquakes?,
Create a short story about a person exploring the jungle.,
List three ways in which technology has transformed the field of education.,
Create a dialogue between two people having a conversation about going to the beach.,
Explain why Apollo 11 astronauts were the first ones to land on the moon.,
Suggest a list of equipment for a professional kitchen.,
Generate a list of healthy snacks to keep on hand.,
Describe the differences between first and third person point of views.,
What is the purpose of Point of Sale (POS) systems?,
Find me a website where I can purchase acoustic guitars.,
"Create a tweet related to the topic of ""beauty""",
Compare and contrast Depth-First Search (DFS) and Breadth-First Search (BFS).,
Please provide two disadvantages of using machine learning algorithms,
What were two repercussions of the coronavirus pandemic on the education system?,
Compare the economic systems of capitalism and socialism.,
Look up the population of Thailand in 2019.,
Write an algorithm to search an element in a list.,
"A math conference is presenting a lecture series with six different lecturers. If Dr. Smith's lecture depends on Dr. Jones's lecture, so that Dr. Smith must be scheduled at some time after Dr. Jones, in how many orders can the six lecturers be scheduled?",
What is the probability of getting tails in flipping a fair coin 10 times?,
How to make spicy buffalo sauce?,
You are preparing a dashboard for a CEO. Write a short statement that summarizes the purpose of the dashboard.,
Create an example of using an analogy to explain the concept of microaggressions.,
Explain the concept of a parallel universe in three sentences.,
Name three advantages of using a spreadsheet program.,
List five features of a social media application.,
"Put the word ""chocolate"" into a metaphor",
"Convert the note ""C"" to a frequency.",
Describe the benefits of using electronic medical records.,
Discuss the effect of Covid-19 pandemic on different sectors of economy.,
Generate a list of five smart home gadgets,
Give 3 benefits of using data visualization.,
Let's look up the stock price of Microsoft Corporation (MSFT) today.,
Describe a system that utilizes artificial intelligence to match people with jobs.,
Give me an example of a behavior that a leader should exhibit,
Summarize in a few words the importance of inclusivity in the workplace.,
Make up a story involving a fictional protagonist named Lydia,
Cite three strengths of the American Constitution.,
In what ways is the novel 1984 a criticism of socialism?,
Create a portfolio that highlights your skills.,
Let f(x)=2x^4+x^3+x^2-3x+r. For what value of r is f(2)=0?,
Write an appropriate 500-word story about a surprise birthday party.,
Create a class named MyDog with a method setBreed that takes a string as an argument and sets the value of a class variable named breed.,
Provide an example of a scenario where natural language processing (NLP) is used.,
List 3 popular trends right now,
Write a catchy song about returning to monke.,
How does a heart pump blood to the body?,
Describe how a basic computer virus works.,
Compute the lexicographically next bit permutation in C++.,
Develop a hypothesis about the stock market.,
Describe how plants look like in the winter.,
Give one example of a liquid at room temperature,
"Write a program to read an integer N and output N^2 integers in the table format as follows:

• The table should consist of N lines, i.e. line 1 to line N.

• Every line should contain N multiples of the line number, starting with line number squared,
e.g.

---- Line 1 should start with 1 * 1 = 1, and the subsequent multiples of 1 i.e. 2, 3, ... up to N.

---- Line 2 should start with 2 * 2 = 4, and the subsequent multiples of 2 i.e. 6, 8, ... up until there are N numbers in this line.

• All numbers on the same line should be space-separated.

Input:
The input contains an integer N.

Output:
Print N lines: The table as specified in Goal section.",
"Create a 3-line poem using the following words: lonely, tree, river",
Discuss two ways this economic system is different from capitalism,
"In your words, what is meant by the economic concept of demand?",
What advice would you give to someone considering a career in Artificial Intelligence?,
Describe how Plato's theory of forms explains the concept of justice.,
Create a dinner menu that focuses on healthy eating.,
List the top 3 exporting countries of soybeans.,
Create an example of a regular expression that matches phone numbers from the US and Canada.,
List 5 common bacteria species.,
How does the hydrogen atom react to an electric field?,
Recommend a city to visit in Italy.,
Make a robot hand using items from around the house.,
"Generate a sentence using the words ""incredible"", ""trait"", and ""innovative"".",
Explain the difference between scientific theory and scientific law.,
"Given an integer `n`, return true if it is a power of four. Otherwise, return false.
An integer `n` is a power of four, if there exists an integer `x` such that `n == 4^x`.",
"Rearrange the following words to create a funny phrase: sandwich, wild, chicken",
"Complete this sentence: ""In the dark sky, stars are ...........""",
Create a catchy title for an article about the potential impact of AI on the economy.,
Add 10% tax to the following amount: $100,
Propose a method for reducing the spread of coronavirus.,
Describe a sunset in your favorite location.,
Construct a poem that describes the beauty of a sunset.,
"Reword the sentence ""The view from the hotel room was gorgeous""",
Predict what a person would do if they had a bad day.,
"Edit this sentence to make it more persuasive: ""I think we should buy the car""",
Suggest which pizza topping would go best with a savory pie.,
Name two Supreme Court justices appointed by President Obama.,
"Describe in one sentence what the term ""data visualization"" means.",
How much does a loaf of bread cost?,
Identify and list the three primary colors.,
Explain the steps involved in reforming a dysfunctional system.,
Explain in one sentence the difference between a module and a function.,
Analyze the pros and cons of using a machine learning model for text summarization.,
Explain the concept of verbal irony.,
Identify the type of punctuation mark used in the following sentence: The weather is hot.,
Generate a few questions to ask a person about their favorite hobby.,
List four minerals that can be found in the human body,
Compare 'dog' and 'cat'.,
"What is an antonym for the word ""cogent""?",
Create a mental health coping strategy.,
Generate a list of 7 skills every leader needs to have.,
"Rearrange the following words to make a grammatically correct sentence:

English my learn I",
Explain what is a constructor in Java.,
Generate a list of value statements,
Find the positive value of n such that the equation 9x^2+nx+1=0 has exactly one solution in x.,
What are the countries that make up the G7?,
Create an analogy to illustrate the concept of a black hole.,
Generate a title for a children's story involving a dragon.,
Compare and contrast the impacts of globalization and regionalism.,
Compose a haiku that reflects the product's features.,
Design a breakout session for a conference on user experience.,
Compose a musical piece,
"What is the primary benefit of switching from traditional, on-premise software to cloud software?",
Explain the purpose of an article review,
How does AI impact businesses?,
"Joe is studying a bacteria population. There are 20 bacteria present at 3:00 p.m. and the population doubles every 3 minutes. Assuming none of the bacteria die, how many bacteria are present at 3:15 p.m. the same day?",
Generate a joke in English that is appropriate for children.,
Generate a sentence describing the effect of advertising on the 2008 election cycle.,
"Arrange the following numbers in ascending order: 11, 9, 5, 1, 17",
Create a greeting for the morning,
Provide a definition of artificial intelligence,
Compose a theme song for a sitcom in the style of a 1960s pop song.,
Create an example sentence for the phrase 'baffle the audience'.,
Create a character sketch for a 73-year-old retired teacher.,
Tell me a novel idea to promote my business online.,
"Given this sentence, ""Software engineering is a challenging field,"" suggest a follow-up question that could be asked.",
Design a shape with 10 vertices (corners).,
Give a list of efficient tips for better communication.,
Generate a list of 5 adjectives that are associated with ice cream.,
Make a housing recommendation for a person with a budget of $1500 per month.,
Draft a tweet that encourages people to vote in the upcoming election.,
What do people commonly associate with the color green?,
Compose a rap about washing your hands.,
Suggest a book to read for someone interested in astronomy.,
Describe a medieval forest habitat and its inhabitants.,
What key factor allows the World Wide Web to function?,
Generate a story about a an adventure in a science-fiction world.,
Write a description of what a human heart looks like.,
Generate a list of the most popular dog breeds in the US.,
Generate a creative pun for the phrase “Fancy Ducks”,
Compare and contrast a hybrid and electric car,
Where do tree kangaroos live?,
Generate a product promotion catchphrase for a new phone.,
Generate a list of the top five features for a one-acre garden,
Describe an ocean sunset,
Name one way to control the data quality for a machine learning model.,
Explain what the terms 'economies of scale' mean.,
Name 3 species of mammals,
What features should a refrigerator have?,
Provide an example of a classic romantic movie.,
Design a logo for a hypothetical safety app.,
How long does it take Earth to make one complete orbit around the Sun?,
Construct a sentence to describe the first time you saw the ocean.,
Find the hypotenuse of a right triangle with the legs of 5 and 9,
List three ways technology helps modern businesses.,
What does global warming mean?,
Rewrite this sentence to make it more concise: Scientists have found evidence indicating that the extinction of dinosaurs might have been due to a comet striking the Earth.,
What do you think are the major causes of poverty in developing countries?,
"Categorize the following object as an animal, vegetable, or mineral: Rock",
Describe a trait that would make a person successful in the finance industry.,
Explain why it is important to understand biases in machine learning models.,
What are the advantages of AI over humans?,
What is the answer to 14 + 29?,
Write a sentence using a simile.,
Compare the benefits of eating healthy food with the benefits of exercising regularly.,
List out 3 common uses for a microscope.,
Generate a sports-related use case for a chatbot.,
Generate a backstory for a new fantasy character who is a skilled alchemist and explain their motivations.,
Create a plan to reduce stress on a daily basis.,
Describe a tropical desert biome,
Compose a tweet promoting a new e-commerce website,
Calculate the area of a square with length 10m. Output a floating point number.,
"Classify the following nouns according to the categories: animate and inanimate.

Nouns: pen, chair",
Make a list of countries that have adopted a unicameral system of government.,
Create a design for a logo for a luxury car dealership.,
"Arrange the words ""barbecue"" and ""Saturday"" into a meaningful sentence.",
Specify a way to effectively communicate with a customer,
Suggest some ideas to make online classes more engaging.,
Create HTML code for a registration form.,
Write pseudocode for a Merge Sort algorithm.,
Provide an example of effective body language when giving a presentation.,
Convert the word discovery into a noun,
Generate a four-word proverb about determination.,
Answer the following research question: What were the key events in the Vietnam War?,
Create a list of three tips on how to stay organized,
Classify this song as either upbeat or slow.,
Create a tic-tac-toe game.,
"Find the sum of the following equation.
18X + 55Y = 90",
"Design a logo for a cafe called ""The Cup of Joe"".",
Complete the following sentence: The earliest civilisations were found in,
Name the biggest ocean in the world.,
Describe a specific goal related to exercising.,
Generate an analogy comparing a cat to a computer.,
How do you convert 18 Celsius to Fahrenheit?,
Generate a story about a person who uses the stars to communicate with their loved ones.,
Fall to spring is an antonym of what?,
List the factors of 60,
Imagine you have just collected some data from an experiment. Generate three questions that the data can answer.,
List 3 technologies that have been popular in 2020,
Name three branches of the military in the United States.,
List the US states and capitals alphabetically.,
Provide a list of 20 synonyms for happy.,
Generate a sentence about a person's experience with a new technology.,
Generate a simile using the words 'rain' and 'sun'.,
What is the best way to build trust in customer relationships?,
Find a quote related to success.,
What are the basic principles of strength training?,
Generate a 3 digit number divisible by 4.,
Determine the number of weeks in a year.,
"Translate ""ready to fight"" into Spanish.",
Identify 2 specific challenges faced by cities around the world due to climate change.,
Find me some funny quotes from a popular comedian.,
Come up with a use case for an AI-driven chatbot,
Create an original dialogue with two people introducing each other.,
Remind me to check my emails every Wednesday at 3pm.,
"Consider the lines 
 y =3x+5 
 2y =4x+5 
 3y =9x-2 
 2y =x-3 
 4y =x-5.
Let's say that a pair of lines is good if the two lines are either parallel or perpendicular to each other. Among all the pairs of lines shown, how many pairs are good?",
How does a person set good goals?,
Create a mnemonic to help someone remember the planets in order from the sun,
"Summarize the key points in the article, ""10 Reasons Why We Should All Wear Masks"".",
Construct a paragraph of at least 7 sentences (about 200 words) on the topic of cloud computing.,
Why is it important to protect intellectual property?,
Offer 3 tips about productivity,
Describe the editing process.,
List five differences between photosynthesis and aerobic respiration.,
Explain the importance of analytics in business decisions.,
Create a ‘nice-to-have’ list for a product inventory system.,
Name 5 plants commonly used for landscaping.,
Enter a number between 1500 and 2000.,
Describe how to write an effective resume.,
Describe the impact of English colonialism in India.,
"Generate three other words to describe the word ""ambitious""",
Come up with two non-alcoholic drinks that contain lemon juice and ginger.,
Illustrate the differences between SEO and SEM.,
List four kinds of natural disasters.,
Is ice cream healthy?,
"In this task, you need to come up with a plan to make a sandwich.",
Write a security policy outlining the proper use of secure passwords.,
Suggest me a way to save money on a family vacation.,
Answer the following question: What is the fastest land animal?,
"Rearrange the following words to make a meaningful sentence: do, why, you, like.",
"Select the correct homophone for ""sight.""",
Suggest three ideas for an interesting mobile game.,
Describe a country beginning with the letter 'J',
Name a popular movie released in 1999.,
Convert the following sentence into passive voice: He created an app.,
Generate a book summary of the novel Animal Farm.,
Use a single word to describe the weather today.,
Explain how a farmer can conserve water.,
Convince me why studying history is important.,
Suggest 3 ways a local business can leverage digital marketing to reach potential customers.,
Describe why learning a foreign language is important,
Create a synopsis of the film Die Hard.,
Give an example of a type of computer programming language.,
Describe a machine-learning model that can predict the success or failure of a business.,
Come up with a list of 10 questions people can ask a virtual assistant.,
Describe a scene in which motivation to complete a task is lacking.,
Create a recipe for an appetizer using only a few items from the pantry.,
Demonstrate a good conversation etiquette.,
Retrieve the meaning of the term salience.,
Give me a creative way to celebrate a birthday.,
Describe an example of a real-world situation in which the Classification algorithm would be an appropriate technique to use.,
What are the health effects of consuming too much sugar?,
"Discuss the enforcement of a ""cell phone safe-zone"" policy in the workplace",
Enter a joke involving cats in the box below.,
Create 5 reference resources that you'll use to complete your assignment.,
"Give me a Latin phrase for ""Rise up and conquer"".",
What is the one thing you would change about the world if you could?,
"Translate the sentence ""Je veux aller au marché"" into English.",
"Generate an appropriate response to this message:

""I'm feeling stuck with my project and I don't know what to do next""",
"Translate ""Ce sera chaud"" into English.",
Name three elements of movement in a ballroom dance,
"Explain the meaning of the idiom ""A Taste of Your Own Medicine""",
Please provide a psychology definition of memory.,
Suggest some activities for an outdoor picnic,
Describe three types of cybercrime.,
Solve for x: x = 35/(6-2/5).,
Create a character profile for a main character in the fantasy novel.,
Generate a regex pattern for parsing a date in the format 'MM/DD/YYYY'.,
"What is the degree of the polynomial (x^4+ax^7+bx+c)(x^3+dx^2+e)(x+f), where letters a through f are all nonzero constants?",
Provide 2 examples of alliteration.,
Identify some key differences between fruits and vegetables.,
What is the max speed the Airbus A380 can reach?,
Outline the structure of a descriptive essay.,
Name two animals that live in the Indian ocean and give brief description of each.,
Weigh the pros and cons of protectionism.,
Come up with some possible topics for a research paper,
Suggest three ways that the company can make its employees feel valued,
What does 'a priori' mean?,
"What is the result of 17*14, expressed as a decimal?",
"Explain the term ""learning curve"".",
Create an algorithm for solving a Tower of Hanoi problem.,
Design some clothes that can be worn at a formal party,
Explain the concept of “work-life balance.”,
Write a short theme which describes the nature of love.,
"Suppose you have a table named ""employees"" with columns ""employee_id"", ""name"", ""start_date"", ""salary"", and ""manager_id"". Write a SQL query to find the top 3 highest paid employees for each manager.",
Create a math equation where the answer is 3.,
"Find the minimum value of

    2 sqrt(x) + 1/x
for x > 0.",
List at least three of the top-rated airports in the US.,
How would you explain the concept of a blockchain to someone who has not heard of it before?,
Suggest a way to attract more customers to a small business,
Generate a positive quote about success.,
Estimate the upcoming stock price of Apple in 2 months,
Generate a title for an essay on immigration reform.,
Who is the author of Catcher in the Rye?,
List the 3 longest rivers in Europe.,
Evaluate the argument: Every company should adopt machine learning to remain competitive,
Generate a headline for a news article about the rising cost of healthcare.,
Explain the difference between a perpetual and perpetual calendar,
Give me examples of a consumer product,
Create a regular expression to find all words with three consonants and one vowel,
Name 3 social media sites.,
Generate a hypothetical policy for a school on vaccines.,
Identify three positive impacts of technology.,
Find the solution to this equation: x + 5 = 8,
Create a new recipe that is both vegan and gluten-free.,
Create a boxing ring introduction for a pro wrestler.,
Write a short story with the following prompt: A grandmother and her grandchild taking a walk in the park.,
Propose a design for a mobile application which is aimed to help users adjust their sleep cycle.,
Write a job description for a software engineer.,
Generate a list of synonyms for 'desolate'.,
Describe a source of renewable energy.,
Generate a list of 5 preventive measures to protect against the spread of Covid-19.,
What are the economic impacts of the global pandemic?,
Identify whether the following phrase is a true or false statement “The universe is ever expanding.”,
Explain two differences between the HTTP GET and POST methods,
Describe the differences between warm and cold colors. Output must be less than 50 words.,
"Convert the sentence into the past tense:
""I will call him later""",
Describe how artificial intelligence is used to improve customer service.,
"Categorize this sentence as belonging to the action, communication, or language domain: 'The cat jumped off the table'.",
Generate a scenario in which two opposite sides have to negotiate an agreement.,
Generate a creative way to use up overripe bananas.,
Describe how home automation can save energy,
Compare and contrast the features of React Native and Flutter.,
Write a narrative describing a children's birthday party.,
Compare dogs and cats as pets.,
"Explain the value of a ""growth mindset"".",
Generate a code to check whether a given number is prime,
Paraphrase the following sentence: I want to buy a car.,
Create a MongoDB query to retrieve data within a specific range.,
What decade did the internet become available to the public?,
Generate the structure of a beer brewing process.,
Write one paragraph summarizing the top three predictions of AI technology over the next decade.,
Describe the process of photosynthesis using five adjectives.,
Describe the procedure of photosynthesis.,
Name two ways to reduce your water usage,
Write a paragraph describing the basic principles of psychoanalysis.,
Write a sentence using the future perfect tense.,
Describe the capital of Spain in 25 words.,
Provide two examples of how a student might cope with the stress of exams,
Generate a list of creative storage solutions for a small bedroom.,
Summarize this sentence in one word: She loved the way he always made her laugh.,
Write a blog post about the potential benefits of conversational AI technology.,
Explain why there is an increase in online shopping.,
Tell me approximately how long it takes to get to the Moon from the earth.,
Describe the advantages of living in a big city.,
Generate a metaphor that compares life to a journey,
Find a commonly used zip code in the US,
Generate a shopping list for weekly groceries.,
"Classify the following words: Elephant, Tiger, Dog",
Compose a haiku describing the summer.,
Name a major difference between cats and dogs.,
Which continent includes the countries Pakistan and Sri Lanka?,
Write a dissertation abstract about the impact of artificial intelligence in healthcare.,
"Describe a place from your own experience in vivid detail, using as much sensory language as possible.",
Generate a poem with four lines about a storm.,
State a fact about a recent event.,
"The prime numbers are added in order starting with 2: 2, 2 + 3, 2 + 3 + 5, and so on. How many of the first 12 such sums are also prime?",
Convert the following statement into a question. “Car manufacturers produce millions of cars each year”,
Write a short story in three sentences about a mango tree.,
What type of event would need a master of ceremonies?,
"Name one situation where you could use the phrase ""at the drop of a hat"".",
Describe the behavior of a cat’s eyes when it is threatened.,
Provide two measures to reduce stress.,
Write a short story about a character who is on a journey.,
"Create an input for the output ""The mountain range in the Pacific Northwest has peaks that reach over 9,000 feet in elevation and are covered with lush, thick forests."".",
Generate an internet safety tip.,
Describe the features of a new home in one paragraph.,
What is the fastest swimming stroke?,
"What is the meaning of the phrase ""never judge a book by its cover""?",
Create a shopping list for a summer barbecue,
Tell us about an example of a computer virus and how it works.,
"Interpret the phrase ""Don't count the days, make the days count"".",
"Construct a well-formed sentence using the following words: confused, dance.",
Generate a list of questions and answers to test someone's knowledge of world history.,
Describe the purpose and function of an adapter.,
Which English word is the most common?,
List three causes of pollution in the environment.,
Cite an example of a symbolic relationship between two variables.,
"Paraphrase the sentence
""We spent a lot of time looking at data sets.""",
Find a synonym for “aberration”.,
Suggest three techniques to optimize internet speed.,
Summarize the life of Alexander the Great in ten sentences.,
Create a tweet that states the importance of social distancing.,
Suggest a artwork title for a painting of a stormy beach.,
Please create a list of five strong verbs in English.,
Explain why weather changes over time.,
"Describe the sentiment of the words: ""sadness and despair"".",
Name three characteristics of the Ancient Egyptian civilization.,
Create a title for giving advice on how to be successful in college.,
Name 5 mammals found in the North American continent,
"Describe an ""all-or-nothing"" attitude.",
Generate a list of 5 famous mathematicians in the 19th and 20th centuries.,
Design a neural network to recognize handwritten digits.,
Develop a strategy for being productive while working from home,
Name five adjectives which could be used to portray someone as intelligent.,
Generate a list of potential flowers for a wedding bouquet.,
Make a chart that shows the trends of global temperatures from 1990-2020,
Explain what makes a good digital marketing strategy.,
Name a metric to measure engagement in a webinar.,
Make a list of adjectives that can describe someone who is outgoing.,
Name the capital cities for the five most populous countries in Europe.,
Create a unique phrase that captures the essence of friendship.,
Find the sum of the first 50 odd numbers.,
Describe your favorite holiday destination.,
Propose three ways to construct a bridge over the river.,
Explain how greenhouse effect works.,
What is the most well-known landmark in France?,
Write a query to find all its movie titles that were released between 2000 and 2011,
Describe the contributions of Albert Einstein to physics.,
Which country has the most active volcanos?,
Construct a plan for success,
What type of content should be included in an email newsletter?,
Generate an article about the current political situation in India.,
List three countries with the highest disposable income.,
Translate the sentence 'She sold sea shells by the sea shore' into Spanish.,
What is the name of the French national anthem?,
Write a short story set in the future.,
"Translate the sentence ""Je suis un étudiant"" into English.",
Create a poem with 4 lines that portrays the beauty of sunsets.,
"Construct a sentence using the following words: thunder, sky, and spread",
Write a blog post about climate change from the perspective of a scientist.,
What is the title of the sixth novel by Ian Fleming?,
Provide an example of an idiom with its definition.,
Tell me an example of a risk that a company might take.,
Construct a flow chart to describe the process of making French toast.,
Describe how to make pancakes.,
Give an example of an online course and explain why it is beneficial.,
"Rewrite the sentence “I can’t stand the heat"" in a positive way.",
Generate a fashion outfit for a summer day.,
Explain the relationship between a father and a son,
"Explain why the following statement is accurate: ""true leadership is about inspiring others to reach their potential"".",
Provide three techniques to motivate yourself to exercise.,
Construct a regular expression that matches any date in the format of m/d/yyyy.,
Generate a poem with 3-4 lines related to the theme of nature.,
Answer the question: why do we learn new languages?,
Suggest three methods for reducing stress,
Use a fixed expression in a context related to customer service.,
Convert 3 hours to minutes.,
"Arrange the words below into a grammatically correct sentence:

sky - clouds - fluffy - the - were",
Write 3 negative effects that social media have.,
Arithmetic exercise. What is the number 16 divided by 4?,
How do I connect to a sql database in C++? Give me a code example.,
What is the importance of using project management software?,
Explain the role of physics in the study of astronomy.,
Explain why exponential growth is dangerous.,
What is the main difference between a search engine and a web browser?,
"Generate a hilarious pun from the word ""cat"".",
Generate a hypothesis to explain why machine learning has been successful in recent years.,
"Generate a table of english verb conjugations for the verb ""speak"" in past tense.",
Generate a comparison of two historical figures,
"Summarize the following paragraph: 

""The effects of climate change are wide-reaching and have been affecting the environment for decades. Every year, the changes become more noticeable and more pronounced, leading to a heightened risk of droughts, floods, extreme temperatures and weather-related disasters.""",
"Tell me three different words that mean the same thing as ""optimistic"".",
"Generate a password that is 8 characters long, using at least one letter, one number, and one special character like ~!@#$%^&*",
Write a narrative about visiting an art museum.,
Imagine you are the manager of a small cafe. Describe how the cafe should operate.,
Generate a creative metaphor to describe a warm summer day.,
Generate two questions that can help someone get to know another person.,
"Change this sentence from passive to active voice:

The new policy was announced by the mayor.",
Describe with vivid detail what a typical day in the life of a beekeeper looks like.,
Create a function in Java to find the factorial of a number.,
How can a computer be used to solve complex mathematics problems?,
"In this task, you need to provide an example of a situation where creativity is required.",
Design an experiment to test the effectiveness of a new type of tires.,
What is the difference between a fantasy and science fiction story?,
"Classify the following sentence as a simple sentence, compound sentence, or complex sentence:
""He will visit his grandparents, who live in the same town, tomorrow.""",
Analyze large datasets for trends and patterns,
Explain how to achieve the American dream in one sentence.,
Write a one sentence that conveys the sadness of broken dreams,
Please make a list of 10 technologies that have transformed the communication industry.,
"Let x, y, z be positive real numbers such that xyz = 8. Find the minimum value of x + 2y + 4z.",
Name three common garden plants.,
Which type of market structure is the US automobile industry?,
Describe the Mechanism of Enzymes.,
What geometric shape has 5 sides and 5 angles?,
Write a procedural text on how to make a peanut butter and jelly sandwich.,
Create a poem based on the concept of regret and love.,
Describe the main economic activities of the country of India.,
Identify three pressing issues related to climate change.,
Compose a Tweet-length description about the benefits of learning a foreign language.,
Create a list of five ways to reduce stress after a hard day of work.,
What are the main features of a gossip protocol?,
Compose a story about a giraffe using ten words.,
Create an essay on the causes of child obesity.,
Generate a set of rules to follow in order to perform better at work.,
Compare and contrast the main types of electromagnetic radiation.,
Differentiate between a plant and an animal cell,
Create a survey question about people's favorite subject in school.,
Determine the surface area of a cube with edge length of 3,
Give me an example of a passive voice sentence.,
What is the largest prime factor of 2323?,
Describe the unified modeling language (UML).,
Write some example questions for a customer survey about a home appliance.,
Create a list of five books that are meant for young adults.,
"Three fair, standard six-sided dice are rolled. What is the probability that the sum of the numbers on the top faces is 18? Express your answer as a common fraction.",
Identify three strategies for increasing website traffic.,
Describe how machine learning can be used to predict user behavior online.,
Tell an interesting story about a day in the life of an animal,
Generate a list of steps to follow when troubleshooting a printer issue.,
Explain the effects of automation on job trends.,
List three methods for dealing with climate change.,
Design an algorithm for the closest pair problem.,
Describe what a 404 error message is and how to fix it.,
Generate a short story with 3-4 characters and a twist,
Name five characteristics of good customer service.,
"Edit the following sentence in the best possible way:
""The manager are deciding how to initiate the project""",
List 3 Irish cities,
Identify three benefits of working from home.,
Imagine a robot. List three features it has.,
Name a famous scientist and their main achievement,
Convert the following date from European format (dd/mm/yyyy) to American format (mm/dd/yyyy): 15/10/2021,
Name five plants that can be kept inside a house.,
Match the following noun with an appropriate verb: Night -,
Generate a holiday-themed poem.,
Name five historical figures who had a major influence on the rise of democracy.,
Create a list of 10 verbs related to cooking,
Explain why knowledge of robotics is important for future engineers.,
Describe an armadillo in three sentences.,
Define the term 'anthropomorphism'.,
What are the five different tastes humans can detect?,
Generate a list of 3 strategies to help reduce the risk of cyber attacks.,
Suggest four ways to make a long-distance relationship work.,
Identify an example of a basic economic principle,
Design a welcome email for a new subscriber.,
Describe the procedure to start the server.,
Summarize in one sentence why climate change is an urgent issue.,
Write a first person account of climbing a mountain.,
Explain the uses of big data,
Generate a sequence of numbers whose difference between each two successive numbers is equal.,
Write an API to find the next prime number,
Name a new relevant technology that could be used to improve healthcare.,
Describe the melody of a love song.,
Explain the theorem of Pythagoras.,
"Provide an example of the phrase ""to have an axe to grind"".",
Generate a title for a research paper about the impact of artificial intelligence on healthcare.,
Design a two-player game that can be played with a set of 20 cards.,
Generate code to prompt a user to enter their name,
Explain the purpose of hypertext markup language (HTML).,
"Find the common ratio of the infinite geometric series: 
    (-3)/5-5/3-125/27-…
",
Name a invention from the 20th century that changed the world.,
Design a poster encouraging people to use public transport instead of cars.,
Explain the effect that virtual learning has on student performance.,
Generate a headline for a news article about medical testing for Covid-19,
Compare and contrast an apple and an orange in three sentences.,
